execution_id,engine,scenario_id,seed,detected,detection_rate,coverage,ttd,ttc,hosts_compromised,hosts_impacted,hosts_preserved,hosts_isolated,segments_isolated,hosts_communication_interrupted,impact_before_detection,impact_before_containment
EXE-CTI-000002,CTI,SCN-000001,2,1,1.0,0.6,47.0,4.0,3,1,2,1,0,0,0,1
EXE-SBD-000002,SBD,SCN-000001,2,1,1.0,0.6,0.0,,3,1,2,0,0,0,0,
EXE-CTI-000003,CTI,SCN-000001,3,1,1.0,0.6,20.0,4.0,3,1,2,1,0,0,0,0
EXE-SBD-000003,SBD,SCN-000001,3,1,1.0,0.6,0.0,,3,1,2,0,0,0,0,
EXE-CTI-000004,CTI,SCN-000001,4,1,1.0,0.6,20.0,4.0,3,1,2,1,0,0,0,0
EXE-SBD-000004,SBD,SCN-000001,4,1,1.0,0.6,0.0,,3,1,2,0,0,0,0,
EXE-CTI-000005,CTI,SCN-000001,5,1,1.0,0.4,48.0,4.0,2,0,3,1,0,0,0,0
EXE-SBD-000005,SBD,SCN-000001,5,1,1.0,0.4,0.0,,2,0,3,0,0,0,0,
EXE-CTI-000006,CTI,SCN-000001,6,1,1.0,0.6,20.0,4.0,3,0,2,1,0,0,0,0
EXE-SBD-000006,SBD,SCN-000001,6,1,1.0,0.6,0.0,,3,0,2,0,0,0,0,
EXE-CTI-000007,CTI,SCN-000001,7,1,1.0,0.8,20.0,4.0,4,1,1,1,0,0,0,0
EXE-SBD-000007,SBD,SCN-000001,7,1,1.0,0.8,0.0,,4,1,1,0,0,0,0,
EXE-CTI-000008,CTI,SCN-000001,8,1,1.0,0.6,29.0,4.0,3,2,2,1,0,0,0,0
EXE-SBD-000008,SBD,SCN-000001,8,1,1.0,0.6,0.0,,3,2,2,0,0,0,0,
EXE-CTI-000009,CTI,SCN-000001,9,1,1.0,0.6,29.0,4.0,3,2,2,1,0,0,0,0
EXE-SBD-000009,SBD,SCN-000001,9,1,1.0,0.6,0.0,,3,2,2,0,0,0,0,
EXE-CTI-000010,CTI,SCN-000001,10,1,1.0,0.6,20.0,4.0,3,1,2,1,0,0,0,0
EXE-SBD-000010,SBD,SCN-000001,10,1,1.0,0.6,0.0,,3,1,2,0,0,0,0,
EXE-CTI-000011,CTI,SCN-000001,11,1,1.0,0.8,20.0,4.0,4,1,1,1,0,0,0,0
EXE-SBD-000011,SBD,SCN-000001,11,1,1.0,0.8,0.0,,4,1,1,0,0,0,0,
EXE-CTI-000012,CTI,SCN-000001,12,1,1.0,0.8,20.0,4.0,4,1,1,1,0,0,0,0
EXE-SBD-000012,SBD,SCN-000001,12,1,1.0,0.8,0.0,,4,1,1,0,0,0,0,
EXE-CTI-000013,CTI,SCN-000001,13,1,1.0,0.6,29.0,4.0,3,2,2,1,0,0,0,0
EXE-SBD-000013,SBD,SCN-000001,13,1,1.0,0.6,0.0,,3,2,2,0,0,0,0,
EXE-CTI-000014,CTI,SCN-000001,14,1,1.0,0.4,29.0,4.0,2,1,3,1,0,0,0,0
EXE-SBD-000014,SBD,SCN-000001,14,1,1.0,0.4,0.0,,2,1,3,0,0,0,0,
EXE-CTI-000015,CTI,SCN-000001,15,1,1.0,0.4,14.0,4.0,2,1,3,1,0,0,0,0
EXE-SBD-000015,SBD,SCN-000001,15,1,1.0,0.4,0.0,,2,1,3,0,0,0,0,
EXE-CTI-000016,CTI,SCN-000001,16,1,1.0,0.8,20.0,4.0,4,0,1,1,0,0,0,0
EXE-SBD-000016,SBD,SCN-000001,16,1,1.0,0.8,0.0,,4,0,1,0,0,0,0,
EXE-CTI-000017,CTI,SCN-000001,17,1,1.0,0.6,20.0,4.0,3,1,2,1,0,0,0,0
EXE-SBD-000017,SBD,SCN-000001,17,1,1.0,0.6,0.0,,3,1,2,0,0,0,0,
EXE-CTI-000018,CTI,SCN-000001,18,1,1.0,0.6,20.0,4.0,3,1,2,1,0,0,0,0
EXE-SBD-000018,SBD,SCN-000001,18,1,1.0,0.6,0.0,,3,1,2,0,0,0,0,
EXE-CTI-000019,CTI,SCN-000001,19,1,1.0,0.8,20.0,4.0,4,1,1,1,0,0,0,0
EXE-SBD-000019,SBD,SCN-000001,19,1,1.0,0.8,0.0,,4,1,1,0,0,0,0,
EXE-CTI-000020,CTI,SCN-000001,20,1,1.0,0.4,23.0,4.0,2,1,3,1,0,0,0,0
EXE-SBD-000020,SBD,SCN-000001,20,1,1.0,0.4,0.0,,2,1,3,0,0,0,0,
EXE-CTI-000021,CTI,SCN-000001,21,1,1.0,0.6,20.0,4.0,3,0,2,1,0,0,0,0
EXE-SBD-000021,SBD,SCN-000001,21,1,1.0,0.6,0.0,,3,0,2,0,0,0,0,
EXE-CTI-000022,CTI,SCN-000001,22,1,1.0,0.6,23.0,4.0,3,2,2,1,0,0,0,0
EXE-SBD-000022,SBD,SCN-000001,22,1,1.0,0.6,0.0,,3,2,2,0,0,0,0,
EXE-CTI-000023,CTI,SCN-000001,23,1,1.0,0.6,19.0,4.0,3,2,2,1,0,0,0,1
EXE-SBD-000023,SBD,SCN-000001,23,1,1.0,0.6,0.0,,3,2,2,0,0,0,0,
EXE-CTI-000024,CTI,SCN-000001,24,1,1.0,0.6,29.0,4.0,3,0,2,1,0,0,0,0
EXE-SBD-000024,SBD,SCN-000001,24,1,1.0,0.6,0.0,,3,0,2,0,0,0,0,
EXE-CTI-000025,CTI,SCN-000001,25,1,1.0,0.4,39.0,4.0,2,1,3,1,0,0,0,1
EXE-SBD-000025,SBD,SCN-000001,25,1,1.0,0.6,0.0,,3,1,2,0,0,0,0,
EXE-CTI-000026,CTI,SCN-000001,26,1,1.0,0.8,20.0,4.0,4,1,1,1,0,0,0,0
EXE-SBD-000026,SBD,SCN-000001,26,1,1.0,0.8,0.0,,4,1,1,0,0,0,0,
EXE-CTI-000027,CTI,SCN-000001,27,1,1.0,0.8,20.0,4.0,4,1,1,1,0,0,0,0
EXE-SBD-000027,SBD,SCN-000001,27,1,1.0,0.8,0.0,,4,1,1,0,0,0,0,
EXE-CTI-000028,CTI,SCN-000001,28,1,1.0,0.8,20.0,4.0,4,2,1,1,0,0,0,0
EXE-SBD-000028,SBD,SCN-000001,28,1,1.0,0.8,0.0,,4,2,1,0,0,0,0,
EXE-CTI-000029,CTI,SCN-000001,29,1,1.0,0.6,20.0,4.0,3,1,2,1,0,0,0,0
EXE-SBD-000029,SBD,SCN-000001,29,1,1.0,0.6,0.0,,3,1,2,0,0,0,0,
EXE-CTI-000030,CTI,SCN-000001,30,1,1.0,0.8,20.0,4.0,4,1,1,1,0,0,0,0
EXE-SBD-000030,SBD,SCN-000001,30,1,1.0,0.8,0.0,,4,1,1,0,0,0,0,
EXE-CTI-000031,CTI,SCN-000001,31,1,1.0,0.8,20.0,4.0,4,1,1,1,0,0,0,0
EXE-SBD-000031,SBD,SCN-000001,31,1,1.0,0.8,0.0,,4,1,1,0,0,0,0,
