sid,rev,final_status,final_event,final_reason
360,16,INCLUDE,E01,"A detecção contém padrão objetivo de tentativa de exploração/vulnerabilidade (ex.: directory traversal, format string, CSRF, XSS, vulnerabilidade específica), correspondendo a E01."
432,9,EXCLUDE,,Mensagem/protocolo ICMP não apresenta relação objetiva com E01–E05.
803,21,INCLUDE,E01,"A detecção contém padrão objetivo de tentativa de exploração/vulnerabilidade (ex.: directory traversal, format string, CSRF, XSS, vulnerabilidade específica), correspondendo a E01."
806,24,INCLUDE,E01,"A detecção contém padrão objetivo de tentativa de exploração/vulnerabilidade (ex.: directory traversal, format string, CSRF, XSS, vulnerabilidade específica), correspondendo a E01."
813,22,INCLUDE,E01,"A detecção contém padrão objetivo de tentativa de exploração/vulnerabilidade (ex.: directory traversal, format string, CSRF, XSS, vulnerabilidade específica), correspondendo a E01."
820,19,INCLUDE,E01,"A detecção contém padrão objetivo de tentativa de exploração/vulnerabilidade (ex.: directory traversal, format string, CSRF, XSS, vulnerabilidade específica), correspondendo a E01."
848,20,INCLUDE,E01,"A detecção contém padrão objetivo de tentativa de exploração/vulnerabilidade (ex.: directory traversal, format string, CSRF, XSS, vulnerabilidade específica), correspondendo a E01."
899,20,INCLUDE,E01,"A detecção contém padrão objetivo de tentativa de exploração/vulnerabilidade (ex.: directory traversal, format string, CSRF, XSS, vulnerabilidade específica), correspondendo a E01."
900,22,INCLUDE,E01,"A detecção contém padrão objetivo de tentativa de exploração/vulnerabilidade (ex.: directory traversal, format string, CSRF, XSS, vulnerabilidade específica), correspondendo a E01."
924,16,INCLUDE,E01,"A detecção contém padrão objetivo de tentativa de exploração/vulnerabilidade (ex.: directory traversal, format string, CSRF, XSS, vulnerabilidade específica), correspondendo a E01."
974,23,INCLUDE,E01,"A detecção contém padrão objetivo de tentativa de exploração/vulnerabilidade (ex.: directory traversal, format string, CSRF, XSS, vulnerabilidade específica), correspondendo a E01."
989,18,INCLUDE,E02,"A lógica da regra identifica tentativa de execução/comando remoto ou acesso explícito a mecanismo de execução, correspondendo a E02."
1051,23,INCLUDE,E01,"A detecção contém padrão objetivo de tentativa de exploração/vulnerabilidade (ex.: directory traversal, format string, CSRF, XSS, vulnerabilidade específica), correspondendo a E01."
1052,21,INCLUDE,E01,"A detecção contém padrão objetivo de tentativa de exploração/vulnerabilidade (ex.: directory traversal, format string, CSRF, XSS, vulnerabilidade específica), correspondendo a E01."
1072,19,INCLUDE,E01,"A detecção contém padrão objetivo de tentativa de exploração/vulnerabilidade (ex.: directory traversal, format string, CSRF, XSS, vulnerabilidade específica), correspondendo a E01."
1088,18,INCLUDE,E01,"A detecção contém padrão objetivo de tentativa de exploração/vulnerabilidade (ex.: directory traversal, format string, CSRF, XSS, vulnerabilidade específica), correspondendo a E01."
1089,16,INCLUDE,E01,"A detecção contém padrão objetivo de tentativa de exploração/vulnerabilidade (ex.: directory traversal, format string, CSRF, XSS, vulnerabilidade específica), correspondendo a E01."
1092,21,INCLUDE,E01,"A detecção contém padrão objetivo de tentativa de exploração/vulnerabilidade (ex.: directory traversal, format string, CSRF, XSS, vulnerabilidade específica), correspondendo a E01."
1093,18,INCLUDE,E01,"A detecção contém padrão objetivo de tentativa de exploração/vulnerabilidade (ex.: directory traversal, format string, CSRF, XSS, vulnerabilidade específica), correspondendo a E01."
1095,17,INCLUDE,E03,"A lógica identifica acesso/enumeração/descoberta ou exposição de informação/configuração, correspondendo a E03."
1159,18,INCLUDE,E03,A regra detecta acesso a recurso/endpoint específico associado à enumeração/reconhecimento; não há evidência de execução na lógica.
1199,18,INCLUDE,E01,"A detecção contém padrão objetivo de tentativa de exploração/vulnerabilidade (ex.: directory traversal, format string, CSRF, XSS, vulnerabilidade específica), correspondendo a E01."
1241,15,INCLUDE,E01,"A detecção contém padrão objetivo de tentativa de exploração/vulnerabilidade (ex.: directory traversal, format string, CSRF, XSS, vulnerabilidade específica), correspondendo a E01."
1254,16,INCLUDE,E02,"A lógica da regra identifica tentativa de execução/comando remoto ou acesso explícito a mecanismo de execução, correspondendo a E02."
1255,15,INCLUDE,E02,"A lógica da regra identifica tentativa de execução/comando remoto ou acesso explícito a mecanismo de execução, correspondendo a E02."
1305,15,INCLUDE,E01,"A detecção contém padrão objetivo de tentativa de exploração/vulnerabilidade (ex.: directory traversal, format string, CSRF, XSS, vulnerabilidade específica), correspondendo a E01."
1488,19,INCLUDE,E01,"A detecção contém padrão objetivo de tentativa de exploração/vulnerabilidade (ex.: directory traversal, format string, CSRF, XSS, vulnerabilidade específica), correspondendo a E01."
1492,17,INCLUDE,E01,"A detecção contém padrão objetivo de tentativa de exploração/vulnerabilidade (ex.: directory traversal, format string, CSRF, XSS, vulnerabilidade específica), correspondendo a E01."
1501,17,INCLUDE,E01,"A detecção contém padrão objetivo de tentativa de exploração/vulnerabilidade (ex.: directory traversal, format string, CSRF, XSS, vulnerabilidade específica), correspondendo a E01."
1509,17,INCLUDE,E01,"A detecção contém padrão objetivo de tentativa de exploração/vulnerabilidade (ex.: directory traversal, format string, CSRF, XSS, vulnerabilidade específica), correspondendo a E01."
1534,20,INCLUDE,E01,"A regra identifica uma tentativa de injeção/XSS no tráfego. Pela taxonomia adotada, isso caracteriza tentativa de exploração (E01), não execução comprovada (E02)."
1569,17,INCLUDE,E01,"A detecção contém padrão objetivo de tentativa de exploração/vulnerabilidade (ex.: directory traversal, format string, CSRF, XSS, vulnerabilidade específica), correspondendo a E01."
1571,16,INCLUDE,E01,"A detecção contém padrão objetivo de tentativa de exploração/vulnerabilidade (ex.: directory traversal, format string, CSRF, XSS, vulnerabilidade específica), correspondendo a E01."
1598,16,INCLUDE,E01,"A detecção contém padrão objetivo de tentativa de exploração/vulnerabilidade (ex.: directory traversal, format string, CSRF, XSS, vulnerabilidade específica), correspondendo a E01."
1604,12,INCLUDE,E01,"A detecção contém padrão objetivo de tentativa de exploração/vulnerabilidade (ex.: directory traversal, format string, CSRF, XSS, vulnerabilidade específica), correspondendo a E01."
1628,19,INCLUDE,E01,"A detecção contém padrão objetivo de tentativa de exploração/vulnerabilidade (ex.: directory traversal, format string, CSRF, XSS, vulnerabilidade específica), correspondendo a E01."
1657,14,INCLUDE,E01,"A detecção contém padrão objetivo de tentativa de exploração/vulnerabilidade (ex.: directory traversal, format string, CSRF, XSS, vulnerabilidade específica), correspondendo a E01."
1667,15,INCLUDE,E01,"A regra identifica uma tentativa de injeção/XSS no tráfego. Pela taxonomia adotada, isso caracteriza tentativa de exploração (E01), não execução comprovada (E02)."
1703,17,INCLUDE,E01,"A detecção contém padrão objetivo de tentativa de exploração/vulnerabilidade (ex.: directory traversal, format string, CSRF, XSS, vulnerabilidade específica), correspondendo a E01."
1704,15,INCLUDE,E01,"A detecção contém padrão objetivo de tentativa de exploração/vulnerabilidade (ex.: directory traversal, format string, CSRF, XSS, vulnerabilidade específica), correspondendo a E01."
1719,14,INCLUDE,E01,"A detecção contém padrão objetivo de tentativa de exploração/vulnerabilidade (ex.: directory traversal, format string, CSRF, XSS, vulnerabilidade específica), correspondendo a E01."
1730,16,INCLUDE,E01,"A detecção contém padrão objetivo de tentativa de exploração/vulnerabilidade (ex.: directory traversal, format string, CSRF, XSS, vulnerabilidade específica), correspondendo a E01."
1822,16,INCLUDE,E01,"A detecção contém padrão objetivo de tentativa de exploração/vulnerabilidade (ex.: directory traversal, format string, CSRF, XSS, vulnerabilidade específica), correspondendo a E01."
1823,15,INCLUDE,E01,"A detecção contém padrão objetivo de tentativa de exploração/vulnerabilidade (ex.: directory traversal, format string, CSRF, XSS, vulnerabilidade específica), correspondendo a E01."
1827,16,INCLUDE,E01,"A regra identifica uma tentativa de injeção/XSS no tráfego. Pela taxonomia adotada, isso caracteriza tentativa de exploração (E01), não execução comprovada (E02)."
1828,16,INCLUDE,E01,"A detecção contém padrão objetivo de tentativa de exploração/vulnerabilidade (ex.: directory traversal, format string, CSRF, XSS, vulnerabilidade específica), correspondendo a E01."
1834,16,INCLUDE,E01,"A regra identifica uma tentativa de injeção/XSS no tráfego. Pela taxonomia adotada, isso caracteriza tentativa de exploração (E01), não execução comprovada (E02)."
1835,14,INCLUDE,E01,"A regra identifica uma tentativa de injeção/XSS no tráfego. Pela taxonomia adotada, isso caracteriza tentativa de exploração (E01), não execução comprovada (E02)."
1839,14,INCLUDE,E01,"A regra identifica uma tentativa de injeção/XSS no tráfego. Pela taxonomia adotada, isso caracteriza tentativa de exploração (E01), não execução comprovada (E02)."
1858,12,INCLUDE,E01,"A detecção contém padrão objetivo de tentativa de exploração/vulnerabilidade (ex.: directory traversal, format string, CSRF, XSS, vulnerabilidade específica), correspondendo a E01."
1862,14,INCLUDE,E01,"A detecção contém padrão objetivo de tentativa de exploração/vulnerabilidade (ex.: directory traversal, format string, CSRF, XSS, vulnerabilidade específica), correspondendo a E01."
1992,14,INCLUDE,E01,"A detecção contém padrão objetivo de tentativa de exploração/vulnerabilidade (ex.: directory traversal, format string, CSRF, XSS, vulnerabilidade específica), correspondendo a E01."
2007,16,INCLUDE,E01,"A detecção contém padrão objetivo de tentativa de exploração/vulnerabilidade (ex.: directory traversal, format string, CSRF, XSS, vulnerabilidade específica), correspondendo a E01."
2039,12,INCLUDE,E01,A regra detecta tentativa de exploração por format string no hostname; trata-se de tentativa de exploração/vulnerabilidade (E01).
2065,7,INCLUDE,E03,"A lógica identifica acesso/enumeração/descoberta ou exposição de informação/configuração, correspondendo a E03."
2066,12,INCLUDE,E03,"A lógica identifica acesso/enumeração/descoberta ou exposição de informação/configuração, correspondendo a E03."
2067,12,INCLUDE,E03,"A lógica identifica acesso/enumeração/descoberta ou exposição de informação/configuração, correspondendo a E03."
2125,15,INCLUDE,E01,"A detecção contém padrão objetivo de tentativa de exploração/vulnerabilidade (ex.: directory traversal, format string, CSRF, XSS, vulnerabilidade específica), correspondendo a E01."
2141,8,INCLUDE,E01,"A detecção contém padrão objetivo de tentativa de exploração/vulnerabilidade (ex.: directory traversal, format string, CSRF, XSS, vulnerabilidade específica), correspondendo a E01."
2153,11,INCLUDE,E01,"A detecção contém padrão objetivo de tentativa de exploração/vulnerabilidade (ex.: directory traversal, format string, CSRF, XSS, vulnerabilidade específica), correspondendo a E01."
2341,13,INCLUDE,E02,"A lógica da regra identifica tentativa de execução/comando remoto ou acesso explícito a mecanismo de execução, correspondendo a E02."
2342,13,INCLUDE,E02,"A lógica da regra identifica tentativa de execução/comando remoto ou acesso explícito a mecanismo de execução, correspondendo a E02."
2412,9,INCLUDE,E01,"A regra identifica uma tentativa de injeção/XSS no tráfego. Pela taxonomia adotada, isso caracteriza tentativa de exploração (E01), não execução comprovada (E02)."
2418,10,EXCLUDE,,"Inicia sessão Terminal Server sem criptografia; não corresponde objetivamente a exploração, execução, descoberta, propagação ou impacto ransomware."
2547,11,INCLUDE,E01,"A regra identifica uma tentativa de alteração/escrita/upload em serviço vulnerável; tratamos a tentativa de exploração como E01, sem inferir execução."
2548,10,INCLUDE,E01,"A regra identifica uma tentativa de alteração/escrita/upload em serviço vulnerável; tratamos a tentativa de exploração como E01, sem inferir execução."
2549,7,INCLUDE,E01,"A regra identifica uma tentativa de alteração/escrita/upload em serviço vulnerável; tratamos a tentativa de exploração como E01, sem inferir execução."
2561,8,INCLUDE,E01,"A detecção contém padrão objetivo de tentativa de exploração/vulnerabilidade (ex.: directory traversal, format string, CSRF, XSS, vulnerabilidade específica), correspondendo a E01."
2582,18,INCLUDE,E01,"A detecção contém padrão objetivo de tentativa de exploração/vulnerabilidade (ex.: directory traversal, format string, CSRF, XSS, vulnerabilidade específica), correspondendo a E01."
2655,8,INCLUDE,E02,"A lógica da regra identifica tentativa de execução/comando remoto ou acesso explícito a mecanismo de execução, correspondendo a E02."
3131,10,INCLUDE,E01,"A detecção contém padrão objetivo de tentativa de exploração/vulnerabilidade (ex.: directory traversal, format string, CSRF, XSS, vulnerabilidade específica), correspondendo a E01."
3192,19,INCLUDE,E01,"A detecção contém padrão objetivo de tentativa de exploração/vulnerabilidade (ex.: directory traversal, format string, CSRF, XSS, vulnerabilidade específica), correspondendo a E01."
21818,5,INCLUDE,E01,"A detecção contém padrão objetivo de tentativa de exploração/vulnerabilidade (ex.: directory traversal, format string, CSRF, XSS, vulnerabilidade específica), correspondendo a E01."
21819,5,INCLUDE,E01,"A detecção contém padrão objetivo de tentativa de exploração/vulnerabilidade (ex.: directory traversal, format string, CSRF, XSS, vulnerabilidade específica), correspondendo a E01."
21820,5,INCLUDE,E01,"A detecção contém padrão objetivo de tentativa de exploração/vulnerabilidade (ex.: directory traversal, format string, CSRF, XSS, vulnerabilidade específica), correspondendo a E01."
21821,5,INCLUDE,E01,"A detecção contém padrão objetivo de tentativa de exploração/vulnerabilidade (ex.: directory traversal, format string, CSRF, XSS, vulnerabilidade específica), correspondendo a E01."
21822,5,INCLUDE,E01,"A detecção contém padrão objetivo de tentativa de exploração/vulnerabilidade (ex.: directory traversal, format string, CSRF, XSS, vulnerabilidade específica), correspondendo a E01."
21823,5,INCLUDE,E01,"A detecção contém padrão objetivo de tentativa de exploração/vulnerabilidade (ex.: directory traversal, format string, CSRF, XSS, vulnerabilidade específica), correspondendo a E01."
21824,5,INCLUDE,E01,"A detecção contém padrão objetivo de tentativa de exploração/vulnerabilidade (ex.: directory traversal, format string, CSRF, XSS, vulnerabilidade específica), correspondendo a E01."
21825,5,INCLUDE,E01,"A detecção contém padrão objetivo de tentativa de exploração/vulnerabilidade (ex.: directory traversal, format string, CSRF, XSS, vulnerabilidade específica), correspondendo a E01."
21826,5,INCLUDE,E01,"A detecção contém padrão objetivo de tentativa de exploração/vulnerabilidade (ex.: directory traversal, format string, CSRF, XSS, vulnerabilidade específica), correspondendo a E01."
21827,5,INCLUDE,E01,"A detecção contém padrão objetivo de tentativa de exploração/vulnerabilidade (ex.: directory traversal, format string, CSRF, XSS, vulnerabilidade específica), correspondendo a E01."
21828,5,INCLUDE,E01,"A detecção contém padrão objetivo de tentativa de exploração/vulnerabilidade (ex.: directory traversal, format string, CSRF, XSS, vulnerabilidade específica), correspondendo a E01."
21829,5,INCLUDE,E01,"A detecção contém padrão objetivo de tentativa de exploração/vulnerabilidade (ex.: directory traversal, format string, CSRF, XSS, vulnerabilidade específica), correspondendo a E01."
21830,5,INCLUDE,E01,"A detecção contém padrão objetivo de tentativa de exploração/vulnerabilidade (ex.: directory traversal, format string, CSRF, XSS, vulnerabilidade específica), correspondendo a E01."
21831,5,INCLUDE,E01,"A detecção contém padrão objetivo de tentativa de exploração/vulnerabilidade (ex.: directory traversal, format string, CSRF, XSS, vulnerabilidade específica), correspondendo a E01."
21832,5,INCLUDE,E01,"A detecção contém padrão objetivo de tentativa de exploração/vulnerabilidade (ex.: directory traversal, format string, CSRF, XSS, vulnerabilidade específica), correspondendo a E01."
21833,5,INCLUDE,E01,"A detecção contém padrão objetivo de tentativa de exploração/vulnerabilidade (ex.: directory traversal, format string, CSRF, XSS, vulnerabilidade específica), correspondendo a E01."
21834,5,INCLUDE,E01,"A detecção contém padrão objetivo de tentativa de exploração/vulnerabilidade (ex.: directory traversal, format string, CSRF, XSS, vulnerabilidade específica), correspondendo a E01."
21835,5,INCLUDE,E01,"A detecção contém padrão objetivo de tentativa de exploração/vulnerabilidade (ex.: directory traversal, format string, CSRF, XSS, vulnerabilidade específica), correspondendo a E01."
21836,5,INCLUDE,E01,"A detecção contém padrão objetivo de tentativa de exploração/vulnerabilidade (ex.: directory traversal, format string, CSRF, XSS, vulnerabilidade específica), correspondendo a E01."
21837,5,INCLUDE,E01,"A detecção contém padrão objetivo de tentativa de exploração/vulnerabilidade (ex.: directory traversal, format string, CSRF, XSS, vulnerabilidade específica), correspondendo a E01."
21838,5,INCLUDE,E01,"A detecção contém padrão objetivo de tentativa de exploração/vulnerabilidade (ex.: directory traversal, format string, CSRF, XSS, vulnerabilidade específica), correspondendo a E01."
23179,5,EXCLUDE,,Detecta conteúdo de possível redirecionamento malicioso; não há evidência suficiente de exploração ou execução efetivamente caracterizada por E01–E05.
25359,4,INCLUDE,E03,"A lógica identifica acesso/enumeração/descoberta ou exposição de informação/configuração, correspondendo a E03."
25360,4,EXCLUDE,,"Detecta tentativa de autenticação do scanner; a lógica não sustenta, por si só, E01–E05."
25361,4,INCLUDE,E01,"A regra identifica uma tentativa de injeção/XSS no tráfego. Pela taxonomia adotada, isso caracteriza tentativa de exploração (E01), não execução comprovada (E02)."
25362,4,INCLUDE,E01,"A regra identifica uma tentativa de injeção/XSS no tráfego. Pela taxonomia adotada, isso caracteriza tentativa de exploração (E01), não execução comprovada (E02)."
25363,5,INCLUDE,E01,"A regra identifica uma tentativa de injeção/XSS no tráfego. Pela taxonomia adotada, isso caracteriza tentativa de exploração (E01), não execução comprovada (E02)."
25364,4,INCLUDE,E01,"A regra identifica uma tentativa de injeção/XSS no tráfego. Pela taxonomia adotada, isso caracteriza tentativa de exploração (E01), não execução comprovada (E02)."
25365,4,INCLUDE,E01,"A regra identifica uma tentativa de injeção/XSS no tráfego. Pela taxonomia adotada, isso caracteriza tentativa de exploração (E01), não execução comprovada (E02)."
26203,4,EXCLUDE,,"Regra detecta comunicação/atividade de malware específico, mas não sustenta objetivamente E01–E05 conforme a lógica do evento; em especial, não deve ser convertida em E05 apenas por ser Wiper/Trojan."
26483,3,INCLUDE,E01,"A regra identifica uma tentativa de injeção/XSS no tráfego. Pela taxonomia adotada, isso caracteriza tentativa de exploração (E01), não execução comprovada (E02)."
26656,2,EXCLUDE,,"Regra detecta comunicação/atividade de malware específico, mas não sustenta objetivamente E01–E05 conforme a lógica do evento; em especial, não deve ser convertida em E05 apenas por ser Wiper/Trojan."
26780,2,EXCLUDE,,"Regra detecta comunicação/atividade de malware específico, mas não sustenta objetivamente E01–E05 conforme a lógica do evento; em especial, não deve ser convertida em E05 apenas por ser Wiper/Trojan."
28538,5,EXCLUDE,,"Regra detecta comunicação/atividade de malware específico, mas não sustenta objetivamente E01–E05 conforme a lógica do evento; em especial, não deve ser convertida em E05 apenas por ser Wiper/Trojan."
30520,9,INCLUDE,E01,"A detecção contém padrão objetivo de tentativa de exploração/vulnerabilidade (ex.: directory traversal, format string, CSRF, XSS, vulnerabilidade específica), correspondendo a E01."
30521,9,INCLUDE,E01,"A detecção contém padrão objetivo de tentativa de exploração/vulnerabilidade (ex.: directory traversal, format string, CSRF, XSS, vulnerabilidade específica), correspondendo a E01."
30522,9,INCLUDE,E01,"A detecção contém padrão objetivo de tentativa de exploração/vulnerabilidade (ex.: directory traversal, format string, CSRF, XSS, vulnerabilidade específica), correspondendo a E01."
30523,9,INCLUDE,E01,"A detecção contém padrão objetivo de tentativa de exploração/vulnerabilidade (ex.: directory traversal, format string, CSRF, XSS, vulnerabilidade específica), correspondendo a E01."
32674,5,EXCLUDE,,"Regra detecta comunicação/atividade de malware específico, mas não sustenta objetivamente E01–E05 conforme a lógica do evento; em especial, não deve ser convertida em E05 apenas por ser Wiper/Trojan."
32911,2,EXCLUDE,,"Regra detecta comunicação/atividade de malware específico, mas não sustenta objetivamente E01–E05 conforme a lógica do evento; em especial, não deve ser convertida em E05 apenas por ser Wiper/Trojan."
32912,2,EXCLUDE,,"Regra detecta comunicação/atividade de malware específico, mas não sustenta objetivamente E01–E05 conforme a lógica do evento; em especial, não deve ser convertida em E05 apenas por ser Wiper/Trojan."
32913,2,EXCLUDE,,"Regra detecta comunicação/atividade de malware específico, mas não sustenta objetivamente E01–E05 conforme a lógica do evento; em especial, não deve ser convertida em E05 apenas por ser Wiper/Trojan."
32914,2,EXCLUDE,,"Regra detecta comunicação/atividade de malware específico, mas não sustenta objetivamente E01–E05 conforme a lógica do evento; em especial, não deve ser convertida em E05 apenas por ser Wiper/Trojan."
32915,2,EXCLUDE,,"Regra detecta comunicação/atividade de malware específico, mas não sustenta objetivamente E01–E05 conforme a lógica do evento; em especial, não deve ser convertida em E05 apenas por ser Wiper/Trojan."
32916,2,EXCLUDE,,"Regra detecta comunicação/atividade de malware específico, mas não sustenta objetivamente E01–E05 conforme a lógica do evento; em especial, não deve ser convertida em E05 apenas por ser Wiper/Trojan."
32917,2,EXCLUDE,,"Regra detecta comunicação/atividade de malware específico, mas não sustenta objetivamente E01–E05 conforme a lógica do evento; em especial, não deve ser convertida em E05 apenas por ser Wiper/Trojan."
32918,2,EXCLUDE,,"Regra detecta comunicação/atividade de malware específico, mas não sustenta objetivamente E01–E05 conforme a lógica do evento; em especial, não deve ser convertida em E05 apenas por ser Wiper/Trojan."
32919,2,EXCLUDE,,"Regra detecta comunicação/atividade de malware específico, mas não sustenta objetivamente E01–E05 conforme a lógica do evento; em especial, não deve ser convertida em E05 apenas por ser Wiper/Trojan."
32920,2,EXCLUDE,,"Regra detecta comunicação/atividade de malware específico, mas não sustenta objetivamente E01–E05 conforme a lógica do evento; em especial, não deve ser convertida em E05 apenas por ser Wiper/Trojan."
32921,2,EXCLUDE,,"Regra detecta comunicação/atividade de malware específico, mas não sustenta objetivamente E01–E05 conforme a lógica do evento; em especial, não deve ser convertida em E05 apenas por ser Wiper/Trojan."
32922,2,EXCLUDE,,"Regra detecta comunicação/atividade de malware específico, mas não sustenta objetivamente E01–E05 conforme a lógica do evento; em especial, não deve ser convertida em E05 apenas por ser Wiper/Trojan."
32923,2,EXCLUDE,,"Regra detecta comunicação/atividade de malware específico, mas não sustenta objetivamente E01–E05 conforme a lógica do evento; em especial, não deve ser convertida em E05 apenas por ser Wiper/Trojan."
32924,2,EXCLUDE,,"Regra detecta comunicação/atividade de malware específico, mas não sustenta objetivamente E01–E05 conforme a lógica do evento; em especial, não deve ser convertida em E05 apenas por ser Wiper/Trojan."
32925,2,EXCLUDE,,"Regra detecta comunicação/atividade de malware específico, mas não sustenta objetivamente E01–E05 conforme a lógica do evento; em especial, não deve ser convertida em E05 apenas por ser Wiper/Trojan."
32926,2,EXCLUDE,,"Regra detecta comunicação/atividade de malware específico, mas não sustenta objetivamente E01–E05 conforme a lógica do evento; em especial, não deve ser convertida em E05 apenas por ser Wiper/Trojan."
32927,2,EXCLUDE,,"Regra detecta comunicação/atividade de malware específico, mas não sustenta objetivamente E01–E05 conforme a lógica do evento; em especial, não deve ser convertida em E05 apenas por ser Wiper/Trojan."
32928,2,EXCLUDE,,"Regra detecta comunicação/atividade de malware específico, mas não sustenta objetivamente E01–E05 conforme a lógica do evento; em especial, não deve ser convertida em E05 apenas por ser Wiper/Trojan."
32929,2,EXCLUDE,,"Regra detecta comunicação/atividade de malware específico, mas não sustenta objetivamente E01–E05 conforme a lógica do evento; em especial, não deve ser convertida em E05 apenas por ser Wiper/Trojan."
32930,2,EXCLUDE,,"Regra detecta comunicação/atividade de malware específico, mas não sustenta objetivamente E01–E05 conforme a lógica do evento; em especial, não deve ser convertida em E05 apenas por ser Wiper/Trojan."
32931,2,EXCLUDE,,"Regra detecta comunicação/atividade de malware específico, mas não sustenta objetivamente E01–E05 conforme a lógica do evento; em especial, não deve ser convertida em E05 apenas por ser Wiper/Trojan."
32932,2,EXCLUDE,,"Regra detecta comunicação/atividade de malware específico, mas não sustenta objetivamente E01–E05 conforme a lógica do evento; em especial, não deve ser convertida em E05 apenas por ser Wiper/Trojan."
32933,2,EXCLUDE,,"Regra detecta comunicação/atividade de malware específico, mas não sustenta objetivamente E01–E05 conforme a lógica do evento; em especial, não deve ser convertida em E05 apenas por ser Wiper/Trojan."
32934,2,EXCLUDE,,"Regra detecta comunicação/atividade de malware específico, mas não sustenta objetivamente E01–E05 conforme a lógica do evento; em especial, não deve ser convertida em E05 apenas por ser Wiper/Trojan."
32935,2,EXCLUDE,,"Regra detecta comunicação/atividade de malware específico, mas não sustenta objetivamente E01–E05 conforme a lógica do evento; em especial, não deve ser convertida em E05 apenas por ser Wiper/Trojan."
32936,2,EXCLUDE,,"Regra detecta comunicação/atividade de malware específico, mas não sustenta objetivamente E01–E05 conforme a lógica do evento; em especial, não deve ser convertida em E05 apenas por ser Wiper/Trojan."
32937,2,EXCLUDE,,"Regra detecta comunicação/atividade de malware específico, mas não sustenta objetivamente E01–E05 conforme a lógica do evento; em especial, não deve ser convertida em E05 apenas por ser Wiper/Trojan."
32938,2,EXCLUDE,,"Regra detecta comunicação/atividade de malware específico, mas não sustenta objetivamente E01–E05 conforme a lógica do evento; em especial, não deve ser convertida em E05 apenas por ser Wiper/Trojan."
39737,2,INCLUDE,E01,"A detecção contém padrão objetivo de tentativa de exploração/vulnerabilidade (ex.: directory traversal, format string, CSRF, XSS, vulnerabilidade específica), correspondendo a E01."
40836,4,INCLUDE,E03,"A regra identifica explicitamente comando de enumeração de arquivos, correspondendo a E03."
40907,2,INCLUDE,E03,"A lógica identifica acesso/enumeração/descoberta ou exposição de informação/configuração, correspondendo a E03."
41504,4,INCLUDE,E03,"A lógica identifica acesso/enumeração/descoberta ou exposição de informação/configuração, correspondendo a E03."
43809,2,INCLUDE,E01,"A detecção contém padrão objetivo de tentativa de exploração/vulnerabilidade (ex.: directory traversal, format string, CSRF, XSS, vulnerabilidade específica), correspondendo a E01."
43810,2,INCLUDE,E01,"A detecção contém padrão objetivo de tentativa de exploração/vulnerabilidade (ex.: directory traversal, format string, CSRF, XSS, vulnerabilidade específica), correspondendo a E01."
43811,2,INCLUDE,E01,"A detecção contém padrão objetivo de tentativa de exploração/vulnerabilidade (ex.: directory traversal, format string, CSRF, XSS, vulnerabilidade específica), correspondendo a E01."
43812,2,INCLUDE,E01,"A detecção contém padrão objetivo de tentativa de exploração/vulnerabilidade (ex.: directory traversal, format string, CSRF, XSS, vulnerabilidade específica), correspondendo a E01."
43813,2,INCLUDE,E01,"A regra identifica uma tentativa de injeção/XSS no tráfego. Pela taxonomia adotada, isso caracteriza tentativa de exploração (E01), não execução comprovada (E02)."
45411,3,INCLUDE,E03,"A lógica identifica acesso/enumeração/descoberta ou exposição de informação/configuração, correspondendo a E03."
45646,4,INCLUDE,E03,"A lógica identifica acesso/enumeração/descoberta ou exposição de informação/configuração, correspondendo a E03."
45964,1,INCLUDE,E03,"A lógica identifica acesso/enumeração/descoberta ou exposição de informação/configuração, correspondendo a E03."
46080,4,INCLUDE,E01,"A regra identifica uma tentativa de injeção/XSS no tráfego. Pela taxonomia adotada, isso caracteriza tentativa de exploração (E01), não execução comprovada (E02)."
46081,4,INCLUDE,E01,"A regra identifica uma tentativa de injeção/XSS no tráfego. Pela taxonomia adotada, isso caracteriza tentativa de exploração (E01), não execução comprovada (E02)."
46083,3,INCLUDE,E01,"A detecção contém padrão objetivo de tentativa de exploração/vulnerabilidade (ex.: directory traversal, format string, CSRF, XSS, vulnerabilidade específica), correspondendo a E01."
46084,3,INCLUDE,E01,"A detecção contém padrão objetivo de tentativa de exploração/vulnerabilidade (ex.: directory traversal, format string, CSRF, XSS, vulnerabilidade específica), correspondendo a E01."
46322,2,INCLUDE,E01,"A regra identifica uma tentativa de injeção/XSS no tráfego. Pela taxonomia adotada, isso caracteriza tentativa de exploração (E01), não execução comprovada (E02)."
46323,2,INCLUDE,E01,"A regra identifica uma tentativa de injeção/XSS no tráfego. Pela taxonomia adotada, isso caracteriza tentativa de exploração (E01), não execução comprovada (E02)."
46742,1,EXCLUDE,,"Detecta download de script malicioso com conteúdo de PowerShell/WScript, mas download/conteúdo não comprova execução; não inferimos E02."
46802,1,INCLUDE,E01,"A detecção contém padrão objetivo de tentativa de exploração/vulnerabilidade (ex.: directory traversal, format string, CSRF, XSS, vulnerabilidade específica), correspondendo a E01."
46803,1,INCLUDE,E01,"A detecção contém padrão objetivo de tentativa de exploração/vulnerabilidade (ex.: directory traversal, format string, CSRF, XSS, vulnerabilidade específica), correspondendo a E01."
46804,1,INCLUDE,E01,"A detecção contém padrão objetivo de tentativa de exploração/vulnerabilidade (ex.: directory traversal, format string, CSRF, XSS, vulnerabilidade específica), correspondendo a E01."
57067,1,INCLUDE,E01,"A regra identifica uma tentativa de alteração/escrita/upload em serviço vulnerável; tratamos a tentativa de exploração como E01, sem inferir execução."
